RBC,class
4698000,1
4698001,1
4698002,1
4698003,1
4698004,1
4698005,1
4698006,1
4698007,1
4698008,1
4698009,1
4698010,1
4698011,1
4698012,1
4698013,1
4698014,1
4698015,1
4698016,1
4698017,1
4698018,1
4698019,1
4698020,1
4698021,1
4698022,1
4698023,1
4698024,1
4698025,1
4698026,1
4698027,1
4698028,1
4698029,1
4698030,1
4698031,1
4698032,1
4698033,1
4698034,1
4698035,1
4698036,1
4698037,1
4698038,1
4698039,1
4698040,1
4698041,1
4698042,1
4698043,1
4698044,1
4698045,1
4698046,1
4698047,1
4698048,1
4698049,1
4698050,1
4698051,1
4698052,1
4698053,1
4698054,1
4698055,1
4698056,1
4698057,1
4698058,1
4698059,1
4698060,1
4698061,1
4698062,1
4698063,1
4698064,1
4698065,1
4698066,1
4698067,1
4698068,1
4698069,1
4698070,1
4698071,1
4698072,1
4698073,1
4698074,1
4698075,1
4698076,1
4698077,1
4698078,1
4698079,1
4698080,1
4698081,1
4698082,1
4698083,1
4698084,1
4698085,1
4698086,1
4698087,1
4698088,1
4698089,1
4698090,1
4698091,1
4698092,1
4698093,1
4698094,1
4698095,1
4698096,1
4698097,1
4698098,1
4698099,1
4698100,1
4698101,1
4698102,1
4698103,1
4698104,1
4698105,1
4698106,1
4698107,1
4698108,1
4698109,1
4698110,1
4698111,1
4698112,1
4698113,1
4698114,1
4698115,1
4698116,1
4698117,1
4698118,1
4698119,1
4698120,1
4698121,1
4698122,1
4698123,1
4698124,1
4698125,1
4698126,1
4698127,1
4698128,1
4698129,1
4698130,1
4698131,1
4698132,1
4698133,1
4698134,1
4698135,1
4698136,1
4698137,1
4698138,1
4698139,1
4698140,1
4698141,1
4698142,1
4698143,1
4698144,1
4698145,1
4698146,1
4698147,1
4698148,1
4698149,1
4698150,1
4698151,1
4698152,1
4698153,1
4698154,1
4698155,1
4698156,1
4698157,1
4698158,1
4698159,1
4698160,1
4698161,1
4698162,1
4698163,1
4698164,1
4698165,1
4698166,1
4698167,1
4698168,1
4698169,1
4698170,1
4698171,1
4698172,1
4698173,1
4698174,1
4698175,1
4698176,1
4698177,1
4698178,1
4698179,1
4698180,1
4698181,1
4698182,1
4698183,1
4698184,1
4698185,1
4698186,1
4698187,1
4698188,1
4698189,1
4698190,1
4698191,1
4698192,1
4698193,1
4698194,1
4698195,1
4698196,1
4698197,1
4698198,1
4698199,1
4698200,1
4698201,1
4698202,1
4698203,1
4698204,1
4698205,1
4698206,1
4698207,1
4698208,1
4698209,1
4698210,1
4698211,1
4698212,1
4698213,1
4698214,1
4698215,1
4698216,1
4698217,1
4698218,1
4698219,1
4698220,1
4698221,1
4698222,1
4698223,1
4698224,1
4698225,1
4698226,1
4698227,1
4698228,1
4698229,1
4698230,1
4698231,1
4698232,1
4698233,1
4698234,1
4698235,1
4698236,1
4698237,1
4698238,1
4698239,1
4698240,1
4698241,1
4698242,1
4698243,1
4698244,1
4698245,1
4698246,1
4698247,1
4698248,1
4698249,1
4698250,1
4698251,1
4698252,1
4698253,1
4698254,1
4698255,1
4698256,1
4698257,1
4698258,1
4698259,1
4698260,1
4698261,1
4698262,1
4698263,1
4698264,1
4698265,1
4698266,1
4698267,1
4698268,1
4698269,1
4698270,1
4698271,1
4698272,1
4698273,1
4698274,1
4698275,1
4698276,1
4698277,1
4698278,1
4698279,1
4698280,1
4698281,1
4698282,1
4698283,1
4698284,1
4698285,1
4698286,1
4698287,1
4698288,1
4698289,1
4698290,1
4698291,1
4698292,1
4698293,1
4698294,1
4698295,1
4698296,1
4698297,1
4698298,1
4698299,1
4698300,1
4698301,1
4698302,1
4698303,1
4698304,1
4698305,1
4698306,1
4698307,1
4698308,1
4698309,1
4698310,1
4698311,1
4698312,1
4698313,1
4698314,1
4698315,1
4698316,1
4698317,1
4698318,1
4698319,1
4698320,1
4698321,1
4698322,1
4698323,1
4698324,1
4698325,1
4698326,1
4698327,1
4698328,1
4698329,1
4698330,1
4698331,1
4698332,1
4698333,1
4698334,1
4698335,1
4698336,1
4698337,1
4698338,1
4698339,1
4698340,1
4698341,1
4698342,1
4698343,1
4698344,1
4698345,1
4698346,1
4698347,1
4698348,1
4698349,1
4698350,1
4698351,1
4698352,1
4698353,1
4698354,1
4698355,1
4698356,1
4698357,1
4698358,1
4698359,1
4698360,1
4698361,1
4698362,1
4698363,1
4698364,1
4698365,1
4698366,1
4698367,1
4698368,1
4698369,1
4698370,1
4698371,1
4698372,1
4698373,1
4698374,1
4698375,1
4698376,1
4698377,1
4698378,1
4698379,1
4698380,1
4698381,1
4698382,1
4698383,1
4698384,1
4698385,1
4698386,1
4698387,1
4698388,1
4698389,1
4698390,1
4698391,1
4698392,1
4698393,1
4698394,1
4698395,1
4698396,1
4698397,1
4698398,1
4698399,1
4698400,1
4698401,1
4698402,1
4698403,1
4698404,1
4698405,1
4698406,1
4698407,1
4698408,1
4698409,1
4698410,1
4698411,1
4698412,1
4698413,1
4698414,1
4698415,1
4698416,1
4698417,1
4698418,1
4698419,1
4698420,1
4698421,1
4698422,1
4698423,1
4698424,1
4698425,1
4698426,1
4698427,1
4698428,1
4698429,1
4698430,1
4698431,1
4698432,1
4698433,1
4698434,1
4698435,1
4698436,1
4698437,1
4698438,1
4698439,1
4698440,1
4698441,1
4698442,1
4698443,1
4698444,1
4698445,1
4698446,1
4698447,1
4698448,1
4698449,1
4698450,1
4698451,1
4698452,1
4698453,1
4698454,1
4698455,1
4698456,1
4698457,1
4698458,1
4698459,1
4698460,1
4698461,1
4698462,1
4698463,1
4698464,1
4698465,1
4698466,1
4698467,1
4698468,1
4698469,1
4698470,1
4698471,1
4698472,1
4698473,1
4698474,1
4698475,1
4698476,1
4698477,1
4698478,1
4698479,1
4698480,1
4698481,1
4698482,1
4698483,1
4698484,1
4698485,1
4698486,1
4698487,1
4698488,1
4698489,1
4698490,1
4698491,1
4698492,1
4698493,1
4698494,1
4698495,1
4698496,1
4698497,1
4698498,1
4698499,1
4698500,1
4698501,1
4698502,1
4698503,1
4698504,1
4698505,1
4698506,1
4698507,1
4698508,1
4698509,1
4698510,1
4698511,1
4698512,1
4698513,1
4698514,1
4698515,1
4698516,1
4698517,1
4698518,1
4698519,1
4698520,1
4698521,1
4698522,1
4698523,1
4698524,1
4698525,1
4698526,1
4698527,1
4698528,1
4698529,1
4698530,1
4698531,1
4698532,1
4698533,1
4698534,1
4698535,1
4698536,1
4698537,1
4698538,1
4698539,1
4698540,1
4698541,1
4698542,1
4698543,1
4698544,1
4698545,1
4698546,1
4698547,1
4698548,1
4698549,1
4698550,1
4698551,1
4698552,1
4698553,1
4698554,1
4698555,1
4698556,1
4698557,1
4698558,1
4698559,1
4698560,1
4698561,1
4698562,1
4698563,1
4698564,1
4698565,1
4698566,1
4698567,1
4698568,1
4698569,1
4698570,1
4698571,1
4698572,1
4698573,1
4698574,1
4698575,1
4698576,1
4698577,1
4698578,1
4698579,1
4698580,1
4698581,1
4698582,1
4698583,1
4698584,1
4698585,1
4698586,1
4698587,1
4698588,1
4698589,1
4698590,1
4698591,1
4698592,1
4698593,1
4698594,1
4698595,1
4698596,1
4698597,1
4698598,1
4698599,1
4698600,1
4698601,1
4698602,1
4698603,1
4698604,1
4698605,1
4698606,1
4698607,1
4698608,1
4698609,1
4698610,1
4698611,1
4698612,1
4698613,1
4698614,1
4698615,1
4698616,1
4698617,1
4698618,1
4698619,1
4698620,1
4698621,1
4698622,1
4698623,1
4698624,1
4698625,1
4698626,1
4698627,1
4698628,1
4698629,1
4698630,1
4698631,1
4698632,1
4698633,1
4698634,1
4698635,1
4698636,1
4698637,1
4698638,1
4698639,1
4698640,1
4698641,1
4698642,1
4698643,1
4698644,1
4698645,1
4698646,1
4698647,1
4698648,1
4698649,1
4698650,1
4698651,1
4698652,1
4698653,1
4698654,1
4698655,1
4698656,1
4698657,1
4698658,1
4698659,1
4698660,1
4698661,1
4698662,1
4698663,1
4698664,1
4698665,1
4698666,1
4698667,1
4698668,1
4698669,1
4698670,1
4698671,1
4698672,1
4698673,1
4698674,1
4698675,1
4698676,1
4698677,1
4698678,1
4698679,1
4698680,1
4698681,1
4698682,1
4698683,1
4698684,1
4698685,1
4698686,1
4698687,1
4698688,1
4698689,1
4698690,1
4698691,1
4698692,1
4698693,1
4698694,1
4698695,1
4698696,1
4698697,1
4698698,1
4698699,1
4698700,1
4698701,1
4698702,1
4698703,1
4698704,1
4698705,1
4698706,1
4698707,1
4698708,1
4698709,1
4698710,1
4698711,1
4698712,1
4698713,1
4698714,1
4698715,1
4698716,1
4698717,1
4698718,1
4698719,1
4698720,1
4698721,1
4698722,1
4698723,1
4698724,1
4698725,1
4698726,1
4698727,1
4698728,1
4698729,1
4698730,1
4698731,1
4698732,1
4698733,1
4698734,1
4698735,1
4698736,1
4698737,1
4698738,1
4698739,1
4698740,1
4698741,1
4698742,1
4698743,1
4698744,1
4698745,1
4698746,1
4698747,1
4698748,1
4698749,1
4698750,1
4698751,1
4698752,1
4698753,1
4698754,1
4698755,1
4698756,1
4698757,1
4698758,1
4698759,1
4698760,1
4698761,1
4698762,1
4698763,1
4698764,1
4698765,1
4698766,1
4698767,1
4698768,1
4698769,1
4698770,1
4698771,1
4698772,1
4698773,1
4698774,1
4698775,1
4698776,1
4698777,1
4698778,1
4698779,1
4698780,1
4698781,1
4698782,1
4698783,1
4698784,1
4698785,1
4698786,1
4698787,1
4698788,1
4698789,1
4698790,1
4698791,1
4698792,1
4698793,1
4698794,1
4698795,1
4698796,1
4698797,1
4698798,1
4698799,1
4698800,1
4698801,1
4698802,1
4698803,1
4698804,1
4698805,1
4698806,1
4698807,1
4698808,1
4698809,1
4698810,1
4698811,1
4698812,1
4698813,1
4698814,1
4698815,1
4698816,1
4698817,1
4698818,1
4698819,1
4698820,1
4698821,1
4698822,1
4698823,1
4698824,1
4698825,1
4698826,1
4698827,1
4698828,1
4698829,1
4698830,1
4698831,1
4698832,1
4698833,1
4698834,1
4698835,1
4698836,1
4698837,1
4698838,1
4698839,1
4698840,1
4698841,1
4698842,1
4698843,1
4698844,1
4698845,1
4698846,1
4698847,1
4698848,1
4698849,1
4698850,1
4698851,1
4698852,1
4698853,1
4698854,1
4698855,1
4698856,1
4698857,1
4698858,1
4698859,1
4698860,1
4698861,1
4698862,1
4698863,1
4698864,1
4698865,1
4698866,1
4698867,1
4698868,1
4698869,1
4698870,1
4698871,1
4698872,1
4698873,1
4698874,1
4698875,1
4698876,1
4698877,1
4698878,1
4698879,1
4698880,1
4698881,1
4698882,1
4698883,1
4698884,1
4698885,1
4698886,1
4698887,1
4698888,1
4698889,1
4698890,1
4698891,1
4698892,1
4698893,1
4698894,1
4698895,1
4698896,1
4698897,1
4698898,1
4698899,1
4698900,1
4698901,1
4698902,1
4698903,1
4698904,1
4698905,1
4698906,1
4698907,1
4698908,1
4698909,1
4698910,1
4698911,1
4698912,1
4698913,1
4698914,1
4698915,1
4698916,1
4698917,1
4698918,1
4698919,1
4698920,1
4698921,1
4698922,1
4698923,1
4698924,1
4698925,1
4698926,1
4698927,1
4698928,1
4698929,1
4698930,1
4698931,1
4698932,1
4698933,1
4698934,1
4698935,1
4698936,1
4698937,1
4698938,1
4698939,1
4698940,1
4698941,1
4698942,1
4698943,1
4698944,1
4698945,1
4698946,1
4698947,1
4698948,1
4698949,1
4698950,1
4698951,1
4698952,1
4698953,1
4698954,1
4698955,1
4698956,1
4698957,1
4698958,1
4698959,1
4698960,1
4698961,1
4698962,1
4698963,1
4698964,1
4698965,1
4698966,1
4698967,1
4698968,1
4698969,1
4698970,1
4698971,1
4698972,1
4698973,1
4698974,1
4698975,1
4698976,1
4698977,1
4698978,1
4698979,1
4698980,1
4698981,1
4698982,1
4698983,1
4698984,1
4698985,1
4698986,1
4698987,1
4698988,1
4698989,1
4698990,1
4698991,1
4698992,1
4698993,1
4698994,1
4698995,1
4698996,1
4698997,1
4698998,1
4698999,1
4699000,1
4699001,1
4699002,1
4699003,1
4699004,1
4699005,1
4699006,1
4699007,1
4699008,1
4699009,1
4699010,1
4699011,1
4699012,1
4699013,1
4699014,1
4699015,1
4699016,1
4699017,1
4699018,1
4699019,1
4699020,1
4699021,1
4699022,1
4699023,1
4699024,1
4699025,1
4699026,1
4699027,1
4699028,1
4699029,1
4699030,1
4699031,1
4699032,1
4699033,1
4699034,1
4699035,1
4699036,1
4699037,1
4699038,1
4699039,1
4699040,1
4699041,1
4699042,1
4699043,1
4699044,1
4699045,1
4699046,1
4699047,1
4699048,1
4699049,1
4699050,1
4699051,1
4699052,1
4699053,1
4699054,1
4699055,1
4699056,1
4699057,1
4699058,1
4699059,1
4699060,1
4699061,1
4699062,1
4699063,1
4699064,1
4699065,1
4699066,1
4699067,1
4699068,1
4699069,1
4699070,1
4699071,1
4699072,1
4699073,1
4699074,1
4699075,1
4699076,1
4699077,1
4699078,1
4699079,1
4699080,1
4699081,1
4699082,1
4699083,1
4699084,1
4699085,1
4699086,1
4699087,1
4699088,1
4699089,1
4699090,1
4699091,1
4699092,1
4699093,1
4699094,1
4699095,1
4699096,1
4699097,1
4699098,1
4699099,1
4699100,1
4699101,1
4699102,1
4699103,1
4699104,1
4699105,1
4699106,1
4699107,1
4699108,1
4699109,1
4699110,1
4699111,1
4699112,1
4699113,1
4699114,1
4699115,1
4699116,1
4699117,1
4699118,1
4699119,1
4699120,1
4699121,1
4699122,1
4699123,1
4699124,1
4699125,1
4699126,1
4699127,1
4699128,1
4699129,1
4699130,1
4699131,1
4699132,1
4699133,1
4699134,1
4699135,1
4699136,1
4699137,1
4699138,1
4699139,1
4699140,1
4699141,1
4699142,1
4699143,1
4699144,1
4699145,1
4699146,1
4699147,1
4699148,1
4699149,1
4699150,1
4699151,1
4699152,1
4699153,1
4699154,1
4699155,1
4699156,1
4699157,1
4699158,1
4699159,1
4699160,1
4699161,1
4699162,1
4699163,1
4699164,1
4699165,1
4699166,1
4699167,1
4699168,1
4699169,1
4699170,1
4699171,1
4699172,1
4699173,1
4699174,1
4699175,1
4699176,1
4699177,1
4699178,1
4699179,1
4699180,1
4699181,1
4699182,1
4699183,1
4699184,1
4699185,1
4699186,1
4699187,1
4699188,1
4699189,1
4699190,1
4699191,1
4699192,1
4699193,1
4699194,1
4699195,1
4699196,1
4699197,1
4699198,1
4699199,1
4699200,1
4699201,1
4699202,1
4699203,1
4699204,1
4699205,1
4699206,1
4699207,1
4699208,1
4699209,1
4699210,1
4699211,1
4699212,1
4699213,1
4699214,1
4699215,1
4699216,1
4699217,1
4699218,1
4699219,1
4699220,1
4699221,1
4699222,1
4699223,1
4699224,1
4699225,1
4699226,1
4699227,1
4699228,1
4699229,1
4699230,1
4699231,1
4699232,1
4699233,1
4699234,1
4699235,1
4699236,1
4699237,1
4699238,1
4699239,1
4699240,1
4699241,1
4699242,1
4699243,1
4699244,1
4699245,1
4699246,1
4699247,1
4699248,1
4699249,1
4699250,1
4699251,1
4699252,1
4699253,1
4699254,1
4699255,1
4699256,1
4699257,1
4699258,1
4699259,1
4699260,1
4699261,1
4699262,1
4699263,1
4699264,1
4699265,1
4699266,1
4699267,1
4699268,1
4699269,1
4699270,1
4699271,1
4699272,1
4699273,1
4699274,1
4699275,1
4699276,1
4699277,1
4699278,1
4699279,1
4699280,1
4699281,1
4699282,1
4699283,1
4699284,1
4699285,1
4699286,1
4699287,1
4699288,1
4699289,1
4699290,1
4699291,1
4699292,1
4699293,1
4699294,1
4699295,1
4699296,1
4699297,1
4699298,1
4699299,1
4699300,1
4699301,1
4699302,1
4699303,1
4699304,1
4699305,1
4699306,1
4699307,1
4699308,1
4699309,1
4699310,1
4699311,1
4699312,1
4699313,1
4699314,1
4699315,1
4699316,1
4699317,1
4699318,1
4699319,1
4699320,1
4699321,1
4699322,1
4699323,1
4699324,1
4699325,1
4699326,1
4699327,1
4699328,1
4699329,1
4699330,1
4699331,1
4699332,1
4699333,1
4699334,1
4699335,1
4699336,1
4699337,1
4699338,1
4699339,1
4699340,1
4699341,1
4699342,1
4699343,1
4699344,1
4699345,1
4699346,1
4699347,1
4699348,1
4699349,1
4699350,1
4699351,1
4699352,1
4699353,1
4699354,1
4699355,1
4699356,1
4699357,1
4699358,1
4699359,1
4699360,1
4699361,1
4699362,1
4699363,1
4699364,1
4699365,1
4699366,1
4699367,1
4699368,1
4699369,1
4699370,1
4699371,1
4699372,1
4699373,1
4699374,1
4699375,1
4699376,1
4699377,1
4699378,1
4699379,1
4699380,1
4699381,1
4699382,1
4699383,1
4699384,1
4699385,1
4699386,1
4699387,1
4699388,1
4699389,1
4699390,1
4699391,1
4699392,1
4699393,1
4699394,1
4699395,1
4699396,1
4699397,1
4699398,1
4699399,1
4699400,1
4699401,1
4699402,1
4699403,1
4699404,1
4699405,1
4699406,1
4699407,1
4699408,1
4699409,1
4699410,1
4699411,1
4699412,1
4699413,1
4699414,1
4699415,1
4699416,1
4699417,1
4699418,1
4699419,1
4699420,1
4699421,1
4699422,1
4699423,1
4699424,1
4699425,1
4699426,1
4699427,1
4699428,1
4699429,1
4699430,1
4699431,1
4699432,1
4699433,1
4699434,1
4699435,1
4699436,1
4699437,1
4699438,1
4699439,1
4699440,1
4699441,1
4699442,1
4699443,1
4699444,1
4699445,1
4699446,1
4699447,1
4699448,1
4699449,1
4699450,1
4699451,1
4699452,1
4699453,1
4699454,1
4699455,1
4699456,1
4699457,1
4699458,1
4699459,1
4699460,1
4699461,1
4699462,1
4699463,1
4699464,1
4699465,1
4699466,1
4699467,1
4699468,1
4699469,1
4699470,1
4699471,1
4699472,1
4699473,1
4699474,1
4699475,1
4699476,1
4699477,1
4699478,1
4699479,1
4699480,1
4699481,1
4699482,1
4699483,1
4699484,1
4699485,1
4699486,1
4699487,1
4699488,1
4699489,1
4699490,1
4699491,1
4699492,1
4699493,1
4699494,1
4699495,1
4699496,1
4699497,1
4699498,1
4699499,1
4699500,1
4699501,1
4699502,1
4699503,1
4699504,1
4699505,1
4699506,1
4699507,1
4699508,1
4699509,1
4699510,1
4699511,1
4699512,1
4699513,1
4699514,1
4699515,1
4699516,1
4699517,1
4699518,1
4699519,1
4699520,1
4699521,1
4699522,1
4699523,1
4699524,1
4699525,1
4699526,1
4699527,1
4699528,1
4699529,1
4699530,1
4699531,1
4699532,1
4699533,1
4699534,1
4699535,1
4699536,1
4699537,1
4699538,1
4699539,1
4699540,1
4699541,1
4699542,1
4699543,1
4699544,1
4699545,1
4699546,1
4699547,1
4699548,1
4699549,1
4699550,1
4699551,1
4699552,1
4699553,1
4699554,1
4699555,1
4699556,1
4699557,1
4699558,1
4699559,1
4699560,1
4699561,1
4699562,1
4699563,1
4699564,1
4699565,1
4699566,1
4699567,1
4699568,1
4699569,1
4699570,1
4699571,1
4699572,1
4699573,1
4699574,1
4699575,1
4699576,1
4699577,1
4699578,1
4699579,1
4699580,1
4699581,1
4699582,1
4699583,1
4699584,1
4699585,1
4699586,1
4699587,1
4699588,1
4699589,1
4699590,1
4699591,1
4699592,1
4699593,1
4699594,1
4699595,1
4699596,1
4699597,1
4699598,1
4699599,1
4699600,1
4699601,1
4699602,1
4699603,1
4699604,1
4699605,1
4699606,1
4699607,1
4699608,1
4699609,1
4699610,1
4699611,1
4699612,1
4699613,1
4699614,1
4699615,1
4699616,1
4699617,1
4699618,1
4699619,1
4699620,1
4699621,1
4699622,1
4699623,1
4699624,1
4699625,1
4699626,1
4699627,1
4699628,1
4699629,1
4699630,1
4699631,1
4699632,1
4699633,1
4699634,1
4699635,1
4699636,1
4699637,1
4699638,1
4699639,1
4699640,1
4699641,1
4699642,1
4699643,1
4699644,1
4699645,1
4699646,1
4699647,1
4699648,1
4699649,1
4699650,1
4699651,1
4699652,1
4699653,1
4699654,1
4699655,1
4699656,1
4699657,1
4699658,1
4699659,1
4699660,1
4699661,1
4699662,1
4699663,1
4699664,1
4699665,1
4699666,1
4699667,1
4699668,1
4699669,1
4699670,1
4699671,1
4699672,1
4699673,1
4699674,1
4699675,1
4699676,1
4699677,1
4699678,1
4699679,1
4699680,1
4699681,1
4699682,1
4699683,1
4699684,1
4699685,1
4699686,1
4699687,1
4699688,1
4699689,1
4699690,1
4699691,1
4699692,1
4699693,1
4699694,1
4699695,1
4699696,1
4699697,1
4699698,1
4699699,1
4699700,1
4699701,1
4699702,1
4699703,1
4699704,1
4699705,1
4699706,1
4699707,1
4699708,1
4699709,1
4699710,1
4699711,1
4699712,1
4699713,1
4699714,1
4699715,1
4699716,1
4699717,1
4699718,1
4699719,1
4699720,1
4699721,1
4699722,1
4699723,1
4699724,1
4699725,1
4699726,1
4699727,1
4699728,1
4699729,1
4699730,1
4699731,1
4699732,1
4699733,1
4699734,1
4699735,1
4699736,1
4699737,1
4699738,1
4699739,1
4699740,1
4699741,1
4699742,1
4699743,1
4699744,1
4699745,1
4699746,1
4699747,1
4699748,1
4699749,1
4699750,1
4699751,1
4699752,1
4699753,1
4699754,1
4699755,1
4699756,1
4699757,1
4699758,1
4699759,1
4699760,1
4699761,1
4699762,1
4699763,1
4699764,1
4699765,1
4699766,1
4699767,1
4699768,1
4699769,1
4699770,1
4699771,1
4699772,1
4699773,1
4699774,1
4699775,1
4699776,1
4699777,1
4699778,1
4699779,1
4699780,1
4699781,1
4699782,1
4699783,1
4699784,1
4699785,1
4699786,1
4699787,1
4699788,1
4699789,1
4699790,1
4699791,1
4699792,1
4699793,1
4699794,1
4699795,1
4699796,1
4699797,1
4699798,1
4699799,1
4699800,1
4699801,1
4699802,1
4699803,1
4699804,1
4699805,1
4699806,1
4699807,1
4699808,1
4699809,1
4699810,1
4699811,1
4699812,1
4699813,1
4699814,1
4699815,1
4699816,1
4699817,1
4699818,1
4699819,1
4699820,1
4699821,1
4699822,1
4699823,1
4699824,1
4699825,1
4699826,1
4699827,1
4699828,1
4699829,1
4699830,1
4699831,1
4699832,1
4699833,1
4699834,1
4699835,1
4699836,1
4699837,1
4699838,1
4699839,1
4699840,1
4699841,1
4699842,1
4699843,1
4699844,1
4699845,1
4699846,1
4699847,1
4699848,1
4699849,1
4699850,1
4699851,1
4699852,1
4699853,1
4699854,1
4699855,1
4699856,1
4699857,1
4699858,1
4699859,1
4699860,1
4699861,1
4699862,1
4699863,1
4699864,1
4699865,1
4699866,1
4699867,1
4699868,1
4699869,1
4699870,1
4699871,1
4699872,1
4699873,1
4699874,1
4699875,1
4699876,1
4699877,1
4699878,1
4699879,1
4699880,1
4699881,1
4699882,1
4699883,1
4699884,1
4699885,1
4699886,1
4699887,1
4699888,1
4699889,1
4699890,1
4699891,1
4699892,1
4699893,1
4699894,1
4699895,1
4699896,1
4699897,1
4699898,1
4699899,1
4699900,1
4699901,1
4699902,1
4699903,1
4699904,1
4699905,1
4699906,1
4699907,1
4699908,1
4699909,1
4699910,1
4699911,1
4699912,1
4699913,1
4699914,1
4699915,1
4699916,1
4699917,1
4699918,1
4699919,1
4699920,1
4699921,1
4699922,1
4699923,1
4699924,1
4699925,1
4699926,1
4699927,1
4699928,1
4699929,1
4699930,1
4699931,1
4699932,1
4699933,1
4699934,1
4699935,1
4699936,1
4699937,1
4699938,1
4699939,1
4699940,1
4699941,1
4699942,1
4699943,1
4699944,1
4699945,1
4699946,1
4699947,1
4699948,1
4699949,1
4699950,1
4699951,1
4699952,1
4699953,1
4699954,1
4699955,1
4699956,1
4699957,1
4699958,1
4699959,1
4699960,1
4699961,1
4699962,1
4699963,1
4699964,1
4699965,1
4699966,1
4699967,1
4699968,1
4699969,1
4699970,1
4699971,1
4699972,1
4699973,1
4699974,1
4699975,1
4699976,1
4699977,1
4699978,1
4699979,1
4699980,1
4699981,1
4699982,1
4699983,1
4699984,1
4699985,1
4699986,1
4699987,1
4699988,1
4699989,1
4699990,1
4699991,1
4699992,1
4699993,1
4699994,1
4699995,1
4699996,1
4699997,1
4699998,1
4699999,1
4700000,0
4700001,0
4700002,0
4700003,0
4700004,0
4700005,0
4700006,0
4700007,0
4700008,0
4700009,0
4700010,0
4700011,0
4700012,0
4700013,0
4700014,0
4700015,0
4700016,0
4700017,0
4700018,0
4700019,0
4700020,0
4700021,0
4700022,0
4700023,0
4700024,0
4700025,0
4700026,0
4700027,0
4700028,0
4700029,0
4700030,0
4700031,0
4700032,0
4700033,0
4700034,0
4700035,0
4700036,0
4700037,0
4700038,0
4700039,0
4700040,0
4700041,0
4700042,0
4700043,0
4700044,0
4700045,0
4700046,0
4700047,0
4700048,0
4700049,0
4700050,0
4700051,0
4700052,0
4700053,0
4700054,0
4700055,0
4700056,0
4700057,0
4700058,0
4700059,0
4700060,0
4700061,0
4700062,0
4700063,0
4700064,0
4700065,0
4700066,0
4700067,0
4700068,0
4700069,0
4700070,0
4700071,0
4700072,0
4700073,0
4700074,0
4700075,0
4700076,0
4700077,0
4700078,0
4700079,0
4700080,0
4700081,0
4700082,0
4700083,0
4700084,0
4700085,0
4700086,0
4700087,0
4700088,0
4700089,0
4700090,0
4700091,0
4700092,0
4700093,0
4700094,0
4700095,0
4700096,0
4700097,0
4700098,0
4700099,0
4700100,0
4700101,0
4700102,0
4700103,0
4700104,0
4700105,0
4700106,0
4700107,0
4700108,0
4700109,0
4700110,0
4700111,0
4700112,0
4700113,0
4700114,0
4700115,0
4700116,0
4700117,0
4700118,0
4700119,0
4700120,0
4700121,0
4700122,0
4700123,0
4700124,0
4700125,0
4700126,0
4700127,0
4700128,0
4700129,0
4700130,0
4700131,0
4700132,0
4700133,0
4700134,0
4700135,0
4700136,0
4700137,0
4700138,0
4700139,0
4700140,0
4700141,0
4700142,0
4700143,0
4700144,0
4700145,0
4700146,0
4700147,0
4700148,0
4700149,0
4700150,0
4700151,0
4700152,0
4700153,0
4700154,0
4700155,0
4700156,0
4700157,0
4700158,0
4700159,0
4700160,0
4700161,0
4700162,0
4700163,0
4700164,0
4700165,0
4700166,0
4700167,0
4700168,0
4700169,0
4700170,0
4700171,0
4700172,0
4700173,0
4700174,0
4700175,0
4700176,0
4700177,0
4700178,0
4700179,0
4700180,0
4700181,0
4700182,0
4700183,0
4700184,0
4700185,0
4700186,0
4700187,0
4700188,0
4700189,0
4700190,0
4700191,0
4700192,0
4700193,0
4700194,0
4700195,0
4700196,0
4700197,0
4700198,0
4700199,0
4700200,0
4700201,0
4700202,0
4700203,0
4700204,0
4700205,0
4700206,0
4700207,0
4700208,0
4700209,0
4700210,0
4700211,0
4700212,0
4700213,0
4700214,0
4700215,0
4700216,0
4700217,0
4700218,0
4700219,0
4700220,0
4700221,0
4700222,0
4700223,0
4700224,0
4700225,0
4700226,0
4700227,0
4700228,0
4700229,0
4700230,0
4700231,0
4700232,0
4700233,0
4700234,0
4700235,0
4700236,0
4700237,0
4700238,0
4700239,0
4700240,0
4700241,0
4700242,0
4700243,0
4700244,0
4700245,0
4700246,0
4700247,0
4700248,0
4700249,0
4700250,0
4700251,0
4700252,0
4700253,0
4700254,0
4700255,0
4700256,0
4700257,0
4700258,0
4700259,0
4700260,0
4700261,0
4700262,0
4700263,0
4700264,0
4700265,0
4700266,0
4700267,0
4700268,0
4700269,0
4700270,0
4700271,0
4700272,0
4700273,0
4700274,0
4700275,0
4700276,0
4700277,0
4700278,0
4700279,0
4700280,0
4700281,0
4700282,0
4700283,0
4700284,0
4700285,0
4700286,0
4700287,0
4700288,0
4700289,0
4700290,0
4700291,0
4700292,0
4700293,0
4700294,0
4700295,0
4700296,0
4700297,0
4700298,0
4700299,0
4700300,0
4700301,0
4700302,0
4700303,0
4700304,0
4700305,0
4700306,0
4700307,0
4700308,0
4700309,0
4700310,0
4700311,0
4700312,0
4700313,0
4700314,0
4700315,0
4700316,0
4700317,0
4700318,0
4700319,0
4700320,0
4700321,0
4700322,0
4700323,0
4700324,0
4700325,0
4700326,0
4700327,0
4700328,0
4700329,0
4700330,0
4700331,0
4700332,0
4700333,0
4700334,0
4700335,0
4700336,0
4700337,0
4700338,0
4700339,0
4700340,0
4700341,0
4700342,0
4700343,0
4700344,0
4700345,0
4700346,0
4700347,0
4700348,0
4700349,0
4700350,0
4700351,0
4700352,0
4700353,0
4700354,0
4700355,0
4700356,0
4700357,0
4700358,0
4700359,0
4700360,0
4700361,0
4700362,0
4700363,0
4700364,0
4700365,0
4700366,0
4700367,0
4700368,0
4700369,0
4700370,0
4700371,0
4700372,0
4700373,0
4700374,0
4700375,0
4700376,0
4700377,0
4700378,0
4700379,0
4700380,0
4700381,0
4700382,0
4700383,0
4700384,0
4700385,0
4700386,0
4700387,0
4700388,0
4700389,0
4700390,0
4700391,0
4700392,0
4700393,0
4700394,0
4700395,0
4700396,0
4700397,0
4700398,0
4700399,0
4700400,0
4700401,0
4700402,0
4700403,0
4700404,0
4700405,0
4700406,0
4700407,0
4700408,0
4700409,0
4700410,0
4700411,0
4700412,0
4700413,0
4700414,0
4700415,0
4700416,0
4700417,0
4700418,0
4700419,0
4700420,0
4700421,0
4700422,0
4700423,0
4700424,0
4700425,0
4700426,0
4700427,0
4700428,0
4700429,0
4700430,0
4700431,0
4700432,0
4700433,0
4700434,0
4700435,0
4700436,0
4700437,0
4700438,0
4700439,0
4700440,0
4700441,0
4700442,0
4700443,0
4700444,0
4700445,0
4700446,0
4700447,0
4700448,0
4700449,0
4700450,0
4700451,0
4700452,0
4700453,0
4700454,0
4700455,0
4700456,0
4700457,0
4700458,0
4700459,0
4700460,0
4700461,0
4700462,0
4700463,0
4700464,0
4700465,0
4700466,0
4700467,0
4700468,0
4700469,0
4700470,0
4700471,0
4700472,0
4700473,0
4700474,0
4700475,0
4700476,0
4700477,0
4700478,0
4700479,0
4700480,0
4700481,0
4700482,0
4700483,0
4700484,0
4700485,0
4700486,0
4700487,0
4700488,0
4700489,0
4700490,0
4700491,0
4700492,0
4700493,0
4700494,0
4700495,0
4700496,0
4700497,0
4700498,0
4700499,0
4700500,0
4700501,0
4700502,0
4700503,0
4700504,0
4700505,0
4700506,0
4700507,0
4700508,0
4700509,0
4700510,0
4700511,0
4700512,0
4700513,0
4700514,0
4700515,0
4700516,0
4700517,0
4700518,0
4700519,0
4700520,0
4700521,0
4700522,0
4700523,0
4700524,0
4700525,0
4700526,0
4700527,0
4700528,0
4700529,0
4700530,0
4700531,0
4700532,0
4700533,0
4700534,0
4700535,0
4700536,0
4700537,0
4700538,0
4700539,0
4700540,0
4700541,0
4700542,0
4700543,0
4700544,0
4700545,0
4700546,0
4700547,0
4700548,0
4700549,0
4700550,0
4700551,0
4700552,0
4700553,0
4700554,0
4700555,0
4700556,0
4700557,0
4700558,0
4700559,0
4700560,0
4700561,0
4700562,0
4700563,0
4700564,0
4700565,0
4700566,0
4700567,0
4700568,0
4700569,0
4700570,0
4700571,0
4700572,0
4700573,0
4700574,0
4700575,0
4700576,0
4700577,0
4700578,0
4700579,0
4700580,0
4700581,0
4700582,0
4700583,0
4700584,0
4700585,0
4700586,0
4700587,0
4700588,0
4700589,0
4700590,0
4700591,0
4700592,0
4700593,0
4700594,0
4700595,0
4700596,0
4700597,0
4700598,0
4700599,0
4700600,0
4700601,0
4700602,0
4700603,0
4700604,0
4700605,0
4700606,0
4700607,0
4700608,0
4700609,0
4700610,0
4700611,0
4700612,0
4700613,0
4700614,0
4700615,0
4700616,0
4700617,0
4700618,0
4700619,0
4700620,0
4700621,0
4700622,0
4700623,0
4700624,0
4700625,0
4700626,0
4700627,0
4700628,0
4700629,0
4700630,0
4700631,0
4700632,0
4700633,0
4700634,0
4700635,0
4700636,0
4700637,0
4700638,0
4700639,0
4700640,0
4700641,0
4700642,0
4700643,0
4700644,0
4700645,0
4700646,0
4700647,0
4700648,0
4700649,0
4700650,0
4700651,0
4700652,0
4700653,0
4700654,0
4700655,0
4700656,0
4700657,0
4700658,0
4700659,0
4700660,0
4700661,0
4700662,0
4700663,0
4700664,0
4700665,0
4700666,0
4700667,0
4700668,0
4700669,0
4700670,0
4700671,0
4700672,0
4700673,0
4700674,0
4700675,0
4700676,0
4700677,0
4700678,0
4700679,0
4700680,0
4700681,0
4700682,0
4700683,0
4700684,0
4700685,0
4700686,0
4700687,0
4700688,0
4700689,0
4700690,0
4700691,0
4700692,0
4700693,0
4700694,0
4700695,0
4700696,0
4700697,0
4700698,0
4700699,0
4700700,0
4700701,0
4700702,0
4700703,0
4700704,0
4700705,0
4700706,0
4700707,0
4700708,0
4700709,0
4700710,0
4700711,0
4700712,0
4700713,0
4700714,0
4700715,0
4700716,0
4700717,0
4700718,0
4700719,0
4700720,0
4700721,0
4700722,0
4700723,0
4700724,0
4700725,0
4700726,0
4700727,0
4700728,0
4700729,0
4700730,0
4700731,0
4700732,0
4700733,0
4700734,0
4700735,0
4700736,0
4700737,0
4700738,0
4700739,0
4700740,0
4700741,0
4700742,0
4700743,0
4700744,0
4700745,0
4700746,0
4700747,0
4700748,0
4700749,0
4700750,0
4700751,0
4700752,0
4700753,0
4700754,0
4700755,0
4700756,0
4700757,0
4700758,0
4700759,0
4700760,0
4700761,0
4700762,0
4700763,0
4700764,0
4700765,0
4700766,0
4700767,0
4700768,0
4700769,0
4700770,0
4700771,0
4700772,0
4700773,0
4700774,0
4700775,0
4700776,0
4700777,0
4700778,0
4700779,0
4700780,0
4700781,0
4700782,0
4700783,0
4700784,0
4700785,0
4700786,0
4700787,0
4700788,0
4700789,0
4700790,0
4700791,0
4700792,0
4700793,0
4700794,0
4700795,0
4700796,0
4700797,0
4700798,0
4700799,0
4700800,0
4700801,0
4700802,0
4700803,0
4700804,0
4700805,0
4700806,0
4700807,0
4700808,0
4700809,0
4700810,0
4700811,0
4700812,0
4700813,0
4700814,0
4700815,0
4700816,0
4700817,0
4700818,0
4700819,0
4700820,0
4700821,0
4700822,0
4700823,0
4700824,0
4700825,0
4700826,0
4700827,0
4700828,0
4700829,0
4700830,0
4700831,0
4700832,0
4700833,0
4700834,0
4700835,0
4700836,0
4700837,0
4700838,0
4700839,0
4700840,0
4700841,0
4700842,0
4700843,0
4700844,0
4700845,0
4700846,0
4700847,0
4700848,0
4700849,0
4700850,0
4700851,0
4700852,0
4700853,0
4700854,0
4700855,0
4700856,0
4700857,0
4700858,0
4700859,0
4700860,0
4700861,0
4700862,0
4700863,0
4700864,0
4700865,0
4700866,0
4700867,0
4700868,0
4700869,0
4700870,0
4700871,0
4700872,0
4700873,0
4700874,0
4700875,0
4700876,0
4700877,0
4700878,0
4700879,0
4700880,0
4700881,0
4700882,0
4700883,0
4700884,0
4700885,0
4700886,0
4700887,0
4700888,0
4700889,0
4700890,0
4700891,0
4700892,0
4700893,0
4700894,0
4700895,0
4700896,0
4700897,0
4700898,0
4700899,0
4700900,0
4700901,0
4700902,0
4700903,0
4700904,0
4700905,0
4700906,0
4700907,0
4700908,0
4700909,0
4700910,0
4700911,0
4700912,0
4700913,0
4700914,0
4700915,0
4700916,0
4700917,0
4700918,0
4700919,0
4700920,0
4700921,0
4700922,0
4700923,0
4700924,0
4700925,0
4700926,0
4700927,0
4700928,0
4700929,0
4700930,0
4700931,0
4700932,0
4700933,0
4700934,0
4700935,0
4700936,0
4700937,0
4700938,0
4700939,0
4700940,0
4700941,0
4700942,0
4700943,0
4700944,0
4700945,0
4700946,0
4700947,0
4700948,0
4700949,0
4700950,0
4700951,0
4700952,0
4700953,0
4700954,0
4700955,0
4700956,0
4700957,0
4700958,0
4700959,0
4700960,0
4700961,0
4700962,0
4700963,0
4700964,0
4700965,0
4700966,0
4700967,0
4700968,0
4700969,0
4700970,0
4700971,0
4700972,0
4700973,0
4700974,0
4700975,0
4700976,0
4700977,0
4700978,0
4700979,0
4700980,0
4700981,0
4700982,0
4700983,0
4700984,0
4700985,0
4700986,0
4700987,0
4700988,0
4700989,0
4700990,0
4700991,0
4700992,0
4700993,0
4700994,0
4700995,0
4700996,0
4700997,0
4700998,0
4700999,0
4701000,0
4701001,0
4701002,0
4701003,0
4701004,0
4701005,0
4701006,0
4701007,0
4701008,0
4701009,0
4701010,0
4701011,0
4701012,0
4701013,0
4701014,0
4701015,0
4701016,0
4701017,0
4701018,0
4701019,0
4701020,0
4701021,0
4701022,0
4701023,0
4701024,0
4701025,0
4701026,0
4701027,0
4701028,0
4701029,0
4701030,0
4701031,0
4701032,0
4701033,0
4701034,0
4701035,0
4701036,0
4701037,0
4701038,0
4701039,0
4701040,0
4701041,0
4701042,0
4701043,0
4701044,0
4701045,0
4701046,0
4701047,0
4701048,0
4701049,0
4701050,0
4701051,0
4701052,0
4701053,0
4701054,0
4701055,0
4701056,0
4701057,0
4701058,0
4701059,0
4701060,0
4701061,0
4701062,0
4701063,0
4701064,0
4701065,0
4701066,0
4701067,0
4701068,0
4701069,0
4701070,0
4701071,0
4701072,0
4701073,0
4701074,0
4701075,0
4701076,0
4701077,0
4701078,0
4701079,0
4701080,0
4701081,0
4701082,0
4701083,0
4701084,0
4701085,0
4701086,0
4701087,0
4701088,0
4701089,0
4701090,0
4701091,0
4701092,0
4701093,0
4701094,0
4701095,0
4701096,0
4701097,0
4701098,0
4701099,0
4701100,0
4701101,0
4701102,0
4701103,0
4701104,0
4701105,0
4701106,0
4701107,0
4701108,0
4701109,0
4701110,0
4701111,0
4701112,0
4701113,0
4701114,0
4701115,0
4701116,0
4701117,0
4701118,0
4701119,0
4701120,0
4701121,0
4701122,0
4701123,0
4701124,0
4701125,0
4701126,0
4701127,0
4701128,0
4701129,0
4701130,0
4701131,0
4701132,0
4701133,0
4701134,0
4701135,0
4701136,0
4701137,0
4701138,0
4701139,0
4701140,0
4701141,0
4701142,0
4701143,0
4701144,0
4701145,0
4701146,0
4701147,0
4701148,0
4701149,0
4701150,0
4701151,0
4701152,0
4701153,0
4701154,0
4701155,0
4701156,0
4701157,0
4701158,0
4701159,0
4701160,0
4701161,0
4701162,0
4701163,0
4701164,0
4701165,0
4701166,0
4701167,0
4701168,0
4701169,0
4701170,0
4701171,0
4701172,0
4701173,0
4701174,0
4701175,0
4701176,0
4701177,0
4701178,0
4701179,0
4701180,0
4701181,0
4701182,0
4701183,0
4701184,0
4701185,0
4701186,0
4701187,0
4701188,0
4701189,0
4701190,0
4701191,0
4701192,0
4701193,0
4701194,0
4701195,0
4701196,0
4701197,0
4701198,0
4701199,0
4701200,0
4701201,0
4701202,0
4701203,0
4701204,0
4701205,0
4701206,0
4701207,0
4701208,0
4701209,0
4701210,0
4701211,0
4701212,0
4701213,0
4701214,0
4701215,0
4701216,0
4701217,0
4701218,0
4701219,0
4701220,0
4701221,0
4701222,0
4701223,0
4701224,0
4701225,0
4701226,0
4701227,0
4701228,0
4701229,0
4701230,0
4701231,0
4701232,0
4701233,0
4701234,0
4701235,0
4701236,0
4701237,0
4701238,0
4701239,0
4701240,0
4701241,0
4701242,0
4701243,0
4701244,0
4701245,0
4701246,0
4701247,0
4701248,0
4701249,0
4701250,0
4701251,0
4701252,0
4701253,0
4701254,0
4701255,0
4701256,0
4701257,0
4701258,0
4701259,0
4701260,0
4701261,0
4701262,0
4701263,0
4701264,0
4701265,0
4701266,0
4701267,0
4701268,0
4701269,0
4701270,0
4701271,0
4701272,0
4701273,0
4701274,0
4701275,0
4701276,0
4701277,0
4701278,0
4701279,0
4701280,0
4701281,0
4701282,0
4701283,0
4701284,0
4701285,0
4701286,0
4701287,0
4701288,0
4701289,0
4701290,0
4701291,0
4701292,0
4701293,0
4701294,0
4701295,0
4701296,0
4701297,0
4701298,0
4701299,0
4701300,0
4701301,0
4701302,0
4701303,0
4701304,0
4701305,0
4701306,0
4701307,0
4701308,0
4701309,0
4701310,0
4701311,0
4701312,0
4701313,0
4701314,0
4701315,0
4701316,0
4701317,0
4701318,0
4701319,0
4701320,0
4701321,0
4701322,0
4701323,0
4701324,0
4701325,0
4701326,0
4701327,0
4701328,0
4701329,0
4701330,0
4701331,0
4701332,0
4701333,0
4701334,0
4701335,0
4701336,0
4701337,0
4701338,0
4701339,0
4701340,0
4701341,0
4701342,0
4701343,0
4701344,0
4701345,0
4701346,0
4701347,0
4701348,0
4701349,0
4701350,0
4701351,0
4701352,0
4701353,0
4701354,0
4701355,0
4701356,0
4701357,0
4701358,0
4701359,0
4701360,0
4701361,0
4701362,0
4701363,0
4701364,0
4701365,0
4701366,0
4701367,0
4701368,0
4701369,0
4701370,0
4701371,0
4701372,0
4701373,0
4701374,0
4701375,0
4701376,0
4701377,0
4701378,0
4701379,0
4701380,0
4701381,0
4701382,0
4701383,0
4701384,0
4701385,0
4701386,0
4701387,0
4701388,0
4701389,0
4701390,0
4701391,0
4701392,0
4701393,0
4701394,0
4701395,0
4701396,0
4701397,0
4701398,0
4701399,0
4701400,0
4701401,0
4701402,0
4701403,0
4701404,0
4701405,0
4701406,0
4701407,0
4701408,0
4701409,0
4701410,0
4701411,0
4701412,0
4701413,0
4701414,0
4701415,0
4701416,0
4701417,0
4701418,0
4701419,0
4701420,0
4701421,0
4701422,0
4701423,0
4701424,0
4701425,0
4701426,0
4701427,0
4701428,0
4701429,0
4701430,0
4701431,0
4701432,0
4701433,0
4701434,0
4701435,0
4701436,0
4701437,0
4701438,0
4701439,0
4701440,0
4701441,0
4701442,0
4701443,0
4701444,0
4701445,0
4701446,0
4701447,0
4701448,0
4701449,0
4701450,0
4701451,0
4701452,0
4701453,0
4701454,0
4701455,0
4701456,0
4701457,0
4701458,0
4701459,0
4701460,0
4701461,0
4701462,0
4701463,0
4701464,0
4701465,0
4701466,0
4701467,0
4701468,0
4701469,0
4701470,0
4701471,0
4701472,0
4701473,0
4701474,0
4701475,0
4701476,0
4701477,0
4701478,0
4701479,0
4701480,0
4701481,0
4701482,0
4701483,0
4701484,0
4701485,0
4701486,0
4701487,0
4701488,0
4701489,0
4701490,0
4701491,0
4701492,0
4701493,0
4701494,0
4701495,0
4701496,0
4701497,0
4701498,0
4701499,0
4701500,0
4701501,0
4701502,0
4701503,0
4701504,0
4701505,0
4701506,0
4701507,0
4701508,0
4701509,0
4701510,0
4701511,0
4701512,0
4701513,0
4701514,0
4701515,0
4701516,0
4701517,0
4701518,0
4701519,0
4701520,0
4701521,0
4701522,0
4701523,0
4701524,0
4701525,0
4701526,0
4701527,0
4701528,0
4701529,0
4701530,0
4701531,0
4701532,0
4701533,0
4701534,0
4701535,0
4701536,0
4701537,0
4701538,0
4701539,0
4701540,0
4701541,0
4701542,0
4701543,0
4701544,0
4701545,0
4701546,0
4701547,0
4701548,0
4701549,0
4701550,0
4701551,0
4701552,0
4701553,0
4701554,0
4701555,0
4701556,0
4701557,0
4701558,0
4701559,0
4701560,0
4701561,0
4701562,0
4701563,0
4701564,0
4701565,0
4701566,0
4701567,0
4701568,0
4701569,0
4701570,0
4701571,0
4701572,0
4701573,0
4701574,0
4701575,0
4701576,0
4701577,0
4701578,0
4701579,0
4701580,0
4701581,0
4701582,0
4701583,0
4701584,0
4701585,0
4701586,0
4701587,0
4701588,0
4701589,0
4701590,0
4701591,0
4701592,0
4701593,0
4701594,0
4701595,0
4701596,0
4701597,0
4701598,0
4701599,0
4701600,0
4701601,0
4701602,0
4701603,0
4701604,0
4701605,0
4701606,0
4701607,0
4701608,0
4701609,0
4701610,0
4701611,0
4701612,0
4701613,0
4701614,0
4701615,0
4701616,0
4701617,0
4701618,0
4701619,0
4701620,0
4701621,0
4701622,0
4701623,0
4701624,0
4701625,0
4701626,0
4701627,0
4701628,0
4701629,0
4701630,0
4701631,0
4701632,0
4701633,0
4701634,0
4701635,0
4701636,0
4701637,0
4701638,0
4701639,0
4701640,0
4701641,0
4701642,0
4701643,0
4701644,0
4701645,0
4701646,0
4701647,0
4701648,0
4701649,0
4701650,0
4701651,0
4701652,0
4701653,0
4701654,0
4701655,0
4701656,0
4701657,0
4701658,0
4701659,0
4701660,0
4701661,0
4701662,0
4701663,0
4701664,0
4701665,0
4701666,0
4701667,0
4701668,0
4701669,0
4701670,0
4701671,0
4701672,0
4701673,0
4701674,0
4701675,0
4701676,0
4701677,0
4701678,0
4701679,0
4701680,0
4701681,0
4701682,0
4701683,0
4701684,0
4701685,0
4701686,0
4701687,0
4701688,0
4701689,0
4701690,0
4701691,0
4701692,0
4701693,0
4701694,0
4701695,0
4701696,0
4701697,0
4701698,0
4701699,0
4701700,0
4701701,0
4701702,0
4701703,0
4701704,0
4701705,0
4701706,0
4701707,0
4701708,0
4701709,0
4701710,0
4701711,0
4701712,0
4701713,0
4701714,0
4701715,0
4701716,0
4701717,0
4701718,0
4701719,0
4701720,0
4701721,0
4701722,0
4701723,0
4701724,0
4701725,0
4701726,0
4701727,0
4701728,0
4701729,0
4701730,0
4701731,0
4701732,0
4701733,0
4701734,0
4701735,0
4701736,0
4701737,0
4701738,0
4701739,0
4701740,0
4701741,0
4701742,0
4701743,0
4701744,0
4701745,0
4701746,0
4701747,0
4701748,0
4701749,0
4701750,0
4701751,0
4701752,0
4701753,0
4701754,0
4701755,0
4701756,0
4701757,0
4701758,0
4701759,0
4701760,0
4701761,0
4701762,0
4701763,0
4701764,0
4701765,0
4701766,0
4701767,0
4701768,0
4701769,0
4701770,0
4701771,0
4701772,0
4701773,0
4701774,0
4701775,0
4701776,0
4701777,0
4701778,0
4701779,0
4701780,0
4701781,0
4701782,0
4701783,0
4701784,0
4701785,0
4701786,0
4701787,0
4701788,0
4701789,0
4701790,0
4701791,0
4701792,0
4701793,0
4701794,0
4701795,0
4701796,0
4701797,0
4701798,0
4701799,0
4701800,0
4701801,0
4701802,0
4701803,0
4701804,0
4701805,0
4701806,0
4701807,0
4701808,0
4701809,0
4701810,0
4701811,0
4701812,0
4701813,0
4701814,0
4701815,0
4701816,0
4701817,0
4701818,0
4701819,0
4701820,0
4701821,0
4701822,0
4701823,0
4701824,0
4701825,0
4701826,0
4701827,0
4701828,0
4701829,0
4701830,0
4701831,0
4701832,0
4701833,0
4701834,0
4701835,0
4701836,0
4701837,0
4701838,0
4701839,0
4701840,0
4701841,0
4701842,0
4701843,0
4701844,0
4701845,0
4701846,0
4701847,0
4701848,0
4701849,0
4701850,0
4701851,0
4701852,0
4701853,0
4701854,0
4701855,0
4701856,0
4701857,0
4701858,0
4701859,0
4701860,0
4701861,0
4701862,0
4701863,0
4701864,0
4701865,0
4701866,0
4701867,0
4701868,0
4701869,0
4701870,0
4701871,0
4701872,0
4701873,0
4701874,0
4701875,0
4701876,0
4701877,0
4701878,0
4701879,0
4701880,0
4701881,0
4701882,0
4701883,0
4701884,0
4701885,0
4701886,0
4701887,0
4701888,0
4701889,0
4701890,0
4701891,0
4701892,0
4701893,0
4701894,0
4701895,0
4701896,0
4701897,0
4701898,0
4701899,0
4701900,0
4701901,0
4701902,0
4701903,0
4701904,0
4701905,0
4701906,0
4701907,0
4701908,0
4701909,0
4701910,0
4701911,0
4701912,0
4701913,0
4701914,0
4701915,0
4701916,0
4701917,0
4701918,0
4701919,0
4701920,0
4701921,0
4701922,0
4701923,0
4701924,0
4701925,0
4701926,0
4701927,0
4701928,0
4701929,0
4701930,0
4701931,0
4701932,0
4701933,0
4701934,0
4701935,0
4701936,0
4701937,0
4701938,0
4701939,0
4701940,0
4701941,0
4701942,0
4701943,0
4701944,0
4701945,0
4701946,0
4701947,0
4701948,0
4701949,0
4701950,0
4701951,0
4701952,0
4701953,0
4701954,0
4701955,0
4701956,0
4701957,0
4701958,0
4701959,0
4701960,0
4701961,0
4701962,0
4701963,0
4701964,0
4701965,0
4701966,0
4701967,0
4701968,0
4701969,0
4701970,0
4701971,0
4701972,0
4701973,0
4701974,0
4701975,0
4701976,0
4701977,0
4701978,0
4701979,0
4701980,0
4701981,0
4701982,0
4701983,0
4701984,0
4701985,0
4701986,0
4701987,0
4701988,0
4701989,0
4701990,0
4701991,0
4701992,0
4701993,0
4701994,0
4701995,0
4701996,0
4701997,0
4701998,0
4701999,0
4702000,0
